inFFT[0].re, 0x00003800,
inFFT[0].im, 0x00000000,
inFFT[1].re, 0x00003400,
inFFT[1].im, 0x00000000,
inFFT[2].re, 0x00001C00,
inFFT[2].im, 0x00000000,
inFFT[3].re, 0xFFFFF000,
inFFT[3].im, 0x00000000,
inFFT[4].re, 0xFFFFC800,
inFFT[4].im, 0x00000000,
inFFT[5].re, 0xFFFFB400,
inFFT[5].im, 0x00000000,
inFFT[6].re, 0xFFFFB400,
inFFT[6].im, 0x00000000,
inFFT[7].re, 0xFFFFCC00,
inFFT[7].im, 0x00000000,
inFFT[8].re, 0xFFFFF800,
inFFT[8].im, 0x00000000,
inFFT[9].re, 0x00002000,
inFFT[9].im, 0x00000000,
inFFT[10].re, 0x00003800,
inFFT[10].im, 0x00000000,
inFFT[11].re, 0x00003400,
inFFT[11].im, 0x00000000,
inFFT[12].re, 0x00001C00,
inFFT[12].im, 0x00000000,
inFFT[13].re, 0xFFFFF000,
inFFT[13].im, 0x00000000,
inFFT[14].re, 0xFFFFCC00,
inFFT[14].im, 0x00000000,
inFFT[15].re, 0xFFFFB000,
inFFT[15].im, 0x00000000,
inFFT[16].re, 0xFFFFB400,
inFFT[16].im, 0x00000000,
inFFT[17].re, 0xFFFFCC00,
inFFT[17].im, 0x00000000,
inFFT[18].re, 0xFFFFF400,
inFFT[18].im, 0x00000000,
inFFT[19].re, 0x00001C00,
inFFT[19].im, 0x00000000,
inFFT[20].re, 0x00003800,
inFFT[20].im, 0x00000000,
inFFT[21].re, 0x00003400,
inFFT[21].im, 0x00000000,
inFFT[22].re, 0x00001C00,
inFFT[22].im, 0x00000000,
inFFT[23].re, 0xFFFFF000,
inFFT[23].im, 0x00000000,
inFFT[24].re, 0xFFFFCC00,
inFFT[24].im, 0x00000000,
inFFT[25].re, 0xFFFFB000,
inFFT[25].im, 0x00000000,
inFFT[26].re, 0xFFFFB400,
inFFT[26].im, 0x00000000,
inFFT[27].re, 0xFFFFD000,
inFFT[27].im, 0x00000000,
inFFT[28].re, 0xFFFFF800,
inFFT[28].im, 0x00000000,
inFFT[29].re, 0x00002000,
inFFT[29].im, 0x00000000,
inFFT[30].re, 0x00003800,
inFFT[30].im, 0x00000000,
inFFT[31].re, 0x00003400,
inFFT[31].im, 0x00000000,
inFFT[32].re, 0x00001C00,
inFFT[32].im, 0x00000000,
inFFT[33].re, 0xFFFFF000,
inFFT[33].im, 0x00000000,
inFFT[34].re, 0xFFFFCC00,
inFFT[34].im, 0x00000000,
inFFT[35].re, 0xFFFFB000,
inFFT[35].im, 0x00000000,
inFFT[36].re, 0xFFFFB400,
inFFT[36].im, 0x00000000,
inFFT[37].re, 0xFFFFD000,
inFFT[37].im, 0x00000000,
inFFT[38].re, 0xFFFFF800,
inFFT[38].im, 0x00000000,
inFFT[39].re, 0x00002000,
inFFT[39].im, 0x00000000,
inFFT[40].re, 0x00003800,
inFFT[40].im, 0x00000000,
inFFT[41].re, 0x00003400,
inFFT[41].im, 0x00000000,
inFFT[42].re, 0x00001800,
inFFT[42].im, 0x00000000,
inFFT[43].re, 0xFFFFF000,
inFFT[43].im, 0x00000000,
inFFT[44].re, 0xFFFFC800,
inFFT[44].im, 0x00000000,
inFFT[45].re, 0xFFFFB400,
inFFT[45].im, 0x00000000,
inFFT[46].re, 0xFFFFB400,
inFFT[46].im, 0x00000000,
inFFT[47].re, 0xFFFFCC00,
inFFT[47].im, 0x00000000,
inFFT[48].re, 0xFFFFF400,
inFFT[48].im, 0x00000000,
inFFT[49].re, 0x00001C00,
inFFT[49].im, 0x00000000,
inFFT[50].re, 0x00003800,
inFFT[50].im, 0x00000000,
inFFT[51].re, 0x00003400,
inFFT[51].im, 0x00000000,
inFFT[52].re, 0x00001C00,
inFFT[52].im, 0x00000000,
inFFT[53].re, 0xFFFFF000,
inFFT[53].im, 0x00000000,
inFFT[54].re, 0xFFFFCC00,
inFFT[54].im, 0x00000000,
inFFT[55].re, 0xFFFFB000,
inFFT[55].im, 0x00000000,
inFFT[56].re, 0xFFFFB400,
inFFT[56].im, 0x00000000,
inFFT[57].re, 0xFFFFD000,
inFFT[57].im, 0x00000000,
inFFT[58].re, 0xFFFFF800,
inFFT[58].im, 0x00000000,
inFFT[59].re, 0x00002000,
inFFT[59].im, 0x00000000,
inFFT[60].re, 0x00003800,
inFFT[60].im, 0x00000000,
inFFT[61].re, 0x00003400,
inFFT[61].im, 0x00000000,
inFFT[62].re, 0x00001C00,
inFFT[62].im, 0x00000000,
inFFT[63].re, 0xFFFFF000,
inFFT[63].im, 0x00000000,
inFFT[64].re, 0xFFFFCC00,
inFFT[64].im, 0x00000000,
inFFT[65].re, 0xFFFFB000,
inFFT[65].im, 0x00000000,
inFFT[66].re, 0xFFFFB800,
inFFT[66].im, 0x00000000,
inFFT[67].re, 0xFFFFCC00,
inFFT[67].im, 0x00000000,
inFFT[68].re, 0xFFFFF800,
inFFT[68].im, 0x00000000,
inFFT[69].re, 0x00002000,
inFFT[69].im, 0x00000000,
inFFT[70].re, 0x00003800,
inFFT[70].im, 0x00000000,
inFFT[71].re, 0x00003400,
inFFT[71].im, 0x00000000,
inFFT[72].re, 0x00001800,
inFFT[72].im, 0x00000000,
inFFT[73].re, 0xFFFFF000,
inFFT[73].im, 0x00000000,
inFFT[74].re, 0xFFFFCC00,
inFFT[74].im, 0x00000000,
inFFT[75].re, 0xFFFFB000,
inFFT[75].im, 0x00000000,
inFFT[76].re, 0xFFFFB400,
inFFT[76].im, 0x00000000,
inFFT[77].re, 0xFFFFD000,
inFFT[77].im, 0x00000000,
inFFT[78].re, 0xFFFFF800,
inFFT[78].im, 0x00000000,
inFFT[79].re, 0x00002000,
inFFT[79].im, 0x00000000,
inFFT[80].re, 0x00003800,
inFFT[80].im, 0x00000000,
inFFT[81].re, 0x00003400,
inFFT[81].im, 0x00000000,
inFFT[82].re, 0x00001C00,
inFFT[82].im, 0x00000000,
inFFT[83].re, 0xFFFFF000,
inFFT[83].im, 0x00000000,
inFFT[84].re, 0xFFFFC800,
inFFT[84].im, 0x00000000,
inFFT[85].re, 0xFFFFB400,
inFFT[85].im, 0x00000000,
inFFT[86].re, 0xFFFFB400,
inFFT[86].im, 0x00000000,
inFFT[87].re, 0xFFFFD000,
inFFT[87].im, 0x00000000,
inFFT[88].re, 0xFFFFF800,
inFFT[88].im, 0x00000000,
inFFT[89].re, 0x00002000,
inFFT[89].im, 0x00000000,
inFFT[90].re, 0x00003800,
inFFT[90].im, 0x00000000,
inFFT[91].re, 0x00003400,
inFFT[91].im, 0x00000000,
inFFT[92].re, 0x00001800,
inFFT[92].im, 0x00000000,
inFFT[93].re, 0xFFFFF000,
inFFT[93].im, 0x00000000,
inFFT[94].re, 0xFFFFC800,
inFFT[94].im, 0x00000000,
inFFT[95].re, 0xFFFFB400,
inFFT[95].im, 0x00000000,
inFFT[96].re, 0xFFFFB400,
inFFT[96].im, 0x00000000,
inFFT[97].re, 0xFFFFD000,
inFFT[97].im, 0x00000000,
inFFT[98].re, 0xFFFFF800,
inFFT[98].im, 0x00000000,
inFFT[99].re, 0x00002000,
inFFT[99].im, 0x00000000,
inFFT[100].re, 0x00003800,
inFFT[100].im, 0x00000000,
inFFT[101].re, 0x00003400,
inFFT[101].im, 0x00000000,
inFFT[102].re, 0x00001800,
inFFT[102].im, 0x00000000,
inFFT[103].re, 0xFFFFF000,
inFFT[103].im, 0x00000000,
inFFT[104].re, 0xFFFFCC00,
inFFT[104].im, 0x00000000,
inFFT[105].re, 0xFFFFB400,
inFFT[105].im, 0x00000000,
inFFT[106].re, 0xFFFFB400,
inFFT[106].im, 0x00000000,
inFFT[107].re, 0xFFFFD000,
inFFT[107].im, 0x00000000,
inFFT[108].re, 0xFFFFF800,
inFFT[108].im, 0x00000000,
inFFT[109].re, 0x00002000,
inFFT[109].im, 0x00000000,
inFFT[110].re, 0x00003800,
inFFT[110].im, 0x00000000,
inFFT[111].re, 0x00003400,
inFFT[111].im, 0x00000000,
inFFT[112].re, 0x00001800,
inFFT[112].im, 0x00000000,
inFFT[113].re, 0xFFFFF000,
inFFT[113].im, 0x00000000,
inFFT[114].re, 0xFFFFC800,
inFFT[114].im, 0x00000000,
inFFT[115].re, 0xFFFFB000,
inFFT[115].im, 0x00000000,
inFFT[116].re, 0xFFFFB800,
inFFT[116].im, 0x00000000,
inFFT[117].re, 0xFFFFD000,
inFFT[117].im, 0x00000000,
inFFT[118].re, 0xFFFFF800,
inFFT[118].im, 0x00000000,
inFFT[119].re, 0x00002000,
inFFT[119].im, 0x00000000,
inFFT[120].re, 0x00003800,
inFFT[120].im, 0x00000000,
inFFT[121].re, 0x00003800,
inFFT[121].im, 0x00000000,
inFFT[122].re, 0x00001800,
inFFT[122].im, 0x00000000,
inFFT[123].re, 0xFFFFF000,
inFFT[123].im, 0x00000000,
inFFT[124].re, 0xFFFFC800,
inFFT[124].im, 0x00000000,
inFFT[125].re, 0xFFFFB400,
inFFT[125].im, 0x00000000,
inFFT[126].re, 0xFFFFB400,
inFFT[126].im, 0x00000000,
inFFT[127].re, 0xFFFFD000,
inFFT[127].im, 0x00000000,
inFFT[128].re, 0xFFFFF800,
inFFT[128].im, 0x00000000,
inFFT[129].re, 0x00002000,
inFFT[129].im, 0x00000000,
inFFT[130].re, 0x00003800,
inFFT[130].im, 0x00000000,
inFFT[131].re, 0x00003400,
inFFT[131].im, 0x00000000,
inFFT[132].re, 0x00001800,
inFFT[132].im, 0x00000000,
inFFT[133].re, 0xFFFFF000,
inFFT[133].im, 0x00000000,
inFFT[134].re, 0xFFFFC800,
inFFT[134].im, 0x00000000,
inFFT[135].re, 0xFFFFB000,
inFFT[135].im, 0x00000000,
inFFT[136].re, 0xFFFFB800,
inFFT[136].im, 0x00000000,
inFFT[137].re, 0xFFFFD000,
inFFT[137].im, 0x00000000,
inFFT[138].re, 0xFFFFF800,
inFFT[138].im, 0x00000000,
inFFT[139].re, 0x00002000,
inFFT[139].im, 0x00000000,
inFFT[140].re, 0x00003800,
inFFT[140].im, 0x00000000,
inFFT[141].re, 0x00003400,
inFFT[141].im, 0x00000000,
inFFT[142].re, 0x00001800,
inFFT[142].im, 0x00000000,
inFFT[143].re, 0xFFFFF000,
inFFT[143].im, 0x00000000,
inFFT[144].re, 0xFFFFC800,
inFFT[144].im, 0x00000000,
inFFT[145].re, 0xFFFFB000,
inFFT[145].im, 0x00000000,
inFFT[146].re, 0xFFFFB800,
inFFT[146].im, 0x00000000,
inFFT[147].re, 0xFFFFD000,
inFFT[147].im, 0x00000000,
inFFT[148].re, 0xFFFFF800,
inFFT[148].im, 0x00000000,
inFFT[149].re, 0x00002000,
inFFT[149].im, 0x00000000,
inFFT[150].re, 0x00003800,
inFFT[150].im, 0x00000000,
inFFT[151].re, 0x00003400,
inFFT[151].im, 0x00000000,
inFFT[152].re, 0x00001800,
inFFT[152].im, 0x00000000,
inFFT[153].re, 0xFFFFF000,
inFFT[153].im, 0x00000000,
inFFT[154].re, 0xFFFFC800,
inFFT[154].im, 0x00000000,
inFFT[155].re, 0xFFFFB000,
inFFT[155].im, 0x00000000,
inFFT[156].re, 0xFFFFB400,
inFFT[156].im, 0x00000000,
inFFT[157].re, 0xFFFFD000,
inFFT[157].im, 0x00000000,
inFFT[158].re, 0xFFFFF800,
inFFT[158].im, 0x00000000,
inFFT[159].re, 0x00002000,
inFFT[159].im, 0x00000000,
inFFT[160].re, 0x00003800,
inFFT[160].im, 0x00000000,
inFFT[161].re, 0x00003400,
inFFT[161].im, 0x00000000,
inFFT[162].re, 0x00001800,
inFFT[162].im, 0x00000000,
inFFT[163].re, 0xFFFFF000,
inFFT[163].im, 0x00000000,
inFFT[164].re, 0xFFFFC800,
inFFT[164].im, 0x00000000,
inFFT[165].re, 0xFFFFB000,
inFFT[165].im, 0x00000000,
inFFT[166].re, 0xFFFFB400,
inFFT[166].im, 0x00000000,
inFFT[167].re, 0xFFFFD000,
inFFT[167].im, 0x00000000,
inFFT[168].re, 0xFFFFFC00,
inFFT[168].im, 0x00000000,
inFFT[169].re, 0x00002000,
inFFT[169].im, 0x00000000,
inFFT[170].re, 0x00003400,
inFFT[170].im, 0x00000000,
inFFT[171].re, 0x00003400,
inFFT[171].im, 0x00000000,
inFFT[172].re, 0x00001800,
inFFT[172].im, 0x00000000,
inFFT[173].re, 0xFFFFF000,
inFFT[173].im, 0x00000000,
inFFT[174].re, 0xFFFFC800,
inFFT[174].im, 0x00000000,
inFFT[175].re, 0xFFFFB400,
inFFT[175].im, 0x00000000,
inFFT[176].re, 0xFFFFB800,
inFFT[176].im, 0x00000000,
inFFT[177].re, 0xFFFFD000,
inFFT[177].im, 0x00000000,
inFFT[178].re, 0xFFFFFC00,
inFFT[178].im, 0x00000000,
inFFT[179].re, 0x00002000,
inFFT[179].im, 0x00000000,
inFFT[180].re, 0x00003800,
inFFT[180].im, 0x00000000,
inFFT[181].re, 0x00003400,
inFFT[181].im, 0x00000000,
inFFT[182].re, 0x00001800,
inFFT[182].im, 0x00000000,
inFFT[183].re, 0xFFFFEC00,
inFFT[183].im, 0x00000000,
inFFT[184].re, 0xFFFFC800,
inFFT[184].im, 0x00000000,
inFFT[185].re, 0xFFFFB400,
inFFT[185].im, 0x00000000,
inFFT[186].re, 0xFFFFB800,
inFFT[186].im, 0x00000000,
inFFT[187].re, 0xFFFFD000,
inFFT[187].im, 0x00000000,
inFFT[188].re, 0xFFFFF800,
inFFT[188].im, 0x00000000,
inFFT[189].re, 0x00002000,
inFFT[189].im, 0x00000000,
inFFT[190].re, 0x00003400,
inFFT[190].im, 0x00000000,
inFFT[191].re, 0x00003400,
inFFT[191].im, 0x00000000,
inFFT[192].re, 0x00001800,
inFFT[192].im, 0x00000000,
inFFT[193].re, 0xFFFFF000,
inFFT[193].im, 0x00000000,
inFFT[194].re, 0xFFFFC800,
inFFT[194].im, 0x00000000,
inFFT[195].re, 0xFFFFB000,
inFFT[195].im, 0x00000000,
inFFT[196].re, 0xFFFFB800,
inFFT[196].im, 0x00000000,
inFFT[197].re, 0xFFFFD000,
inFFT[197].im, 0x00000000,
inFFT[198].re, 0xFFFFFC00,
inFFT[198].im, 0x00000000,
inFFT[199].re, 0x00002000,
inFFT[199].im, 0x00000000,
inFFT[200].re, 0x00003400,
inFFT[200].im, 0x00000000,
inFFT[201].re, 0x00003400,
inFFT[201].im, 0x00000000,
inFFT[202].re, 0x00001800,
inFFT[202].im, 0x00000000,
inFFT[203].re, 0xFFFFF000,
inFFT[203].im, 0x00000000,
inFFT[204].re, 0xFFFFC800,
inFFT[204].im, 0x00000000,
inFFT[205].re, 0xFFFFB400,
inFFT[205].im, 0x00000000,
inFFT[206].re, 0xFFFFB800,
inFFT[206].im, 0x00000000,
inFFT[207].re, 0xFFFFD000,
inFFT[207].im, 0x00000000,
inFFT[208].re, 0xFFFFF800,
inFFT[208].im, 0x00000000,
inFFT[209].re, 0x00002000,
inFFT[209].im, 0x00000000,
inFFT[210].re, 0x00003800,
inFFT[210].im, 0x00000000,
inFFT[211].re, 0x00003400,
inFFT[211].im, 0x00000000,
inFFT[212].re, 0x00001800,
inFFT[212].im, 0x00000000,
inFFT[213].re, 0xFFFFF000,
inFFT[213].im, 0x00000000,
inFFT[214].re, 0xFFFFC800,
inFFT[214].im, 0x00000000,
inFFT[215].re, 0xFFFFB000,
inFFT[215].im, 0x00000000,
inFFT[216].re, 0xFFFFB800,
inFFT[216].im, 0x00000000,
inFFT[217].re, 0xFFFFD000,
inFFT[217].im, 0x00000000,
inFFT[218].re, 0xFFFFFC00,
inFFT[218].im, 0x00000000,
inFFT[219].re, 0x00002000,
inFFT[219].im, 0x00000000,
inFFT[220].re, 0x00003800,
inFFT[220].im, 0x00000000,
inFFT[221].re, 0x00003400,
inFFT[221].im, 0x00000000,
inFFT[222].re, 0x00001800,
inFFT[222].im, 0x00000000,
inFFT[223].re, 0xFFFFEC00,
inFFT[223].im, 0x00000000,
inFFT[224].re, 0xFFFFC800,
inFFT[224].im, 0x00000000,
inFFT[225].re, 0xFFFFB000,
inFFT[225].im, 0x00000000,
inFFT[226].re, 0xFFFFB800,
inFFT[226].im, 0x00000000,
inFFT[227].re, 0xFFFFD400,
inFFT[227].im, 0x00000000,
inFFT[228].re, 0xFFFFFC00,
inFFT[228].im, 0x00000000,
inFFT[229].re, 0x00002000,
inFFT[229].im, 0x00000000,
inFFT[230].re, 0x00003800,
inFFT[230].im, 0x00000000,
inFFT[231].re, 0x00003000,
inFFT[231].im, 0x00000000,
inFFT[232].re, 0x00001800,
inFFT[232].im, 0x00000000,
inFFT[233].re, 0xFFFFF000,
inFFT[233].im, 0x00000000,
inFFT[234].re, 0xFFFFC800,
inFFT[234].im, 0x00000000,
inFFT[235].re, 0xFFFFB000,
inFFT[235].im, 0x00000000,
inFFT[236].re, 0xFFFFB800,
inFFT[236].im, 0x00000000,
inFFT[237].re, 0xFFFFD000,
inFFT[237].im, 0x00000000,
inFFT[238].re, 0xFFFFFC00,
inFFT[238].im, 0x00000000,
inFFT[239].re, 0x00002000,
inFFT[239].im, 0x00000000,
inFFT[240].re, 0x00003800,
inFFT[240].im, 0x00000000,
inFFT[241].re, 0x00003000,
inFFT[241].im, 0x00000000,
inFFT[242].re, 0x00001800,
inFFT[242].im, 0x00000000,
inFFT[243].re, 0xFFFFEC00,
inFFT[243].im, 0x00000000,
inFFT[244].re, 0xFFFFC800,
inFFT[244].im, 0x00000000,
inFFT[245].re, 0xFFFFB000,
inFFT[245].im, 0x00000000,
inFFT[246].re, 0xFFFFB800,
inFFT[246].im, 0x00000000,
inFFT[247].re, 0xFFFFD000,
inFFT[247].im, 0x00000000,
inFFT[248].re, 0xFFFFFC00,
inFFT[248].im, 0x00000000,
inFFT[249].re, 0x00002000,
inFFT[249].im, 0x00000000,
inFFT[250].re, 0x00003800,
inFFT[250].im, 0x00000000,
inFFT[251].re, 0x00003400,
inFFT[251].im, 0x00000000,
inFFT[252].re, 0x00001800,
inFFT[252].im, 0x00000000,
inFFT[253].re, 0xFFFFEC00,
inFFT[253].im, 0x00000000,
inFFT[254].re, 0xFFFFC800,
inFFT[254].im, 0x00000000,
inFFT[255].re, 0xFFFFB000,
inFFT[255].im, 0x00000000,
inFFT[256].re, 0xFFFFB800,
inFFT[256].im, 0x00000000,
inFFT[257].re, 0xFFFFD400,
inFFT[257].im, 0x00000000,
inFFT[258].re, 0xFFFFFC00,
inFFT[258].im, 0x00000000,
inFFT[259].re, 0x00002400,
inFFT[259].im, 0x00000000,
inFFT[260].re, 0x00003800,
inFFT[260].im, 0x00000000,
inFFT[261].re, 0x00003400,
inFFT[261].im, 0x00000000,
inFFT[262].re, 0x00001800,
inFFT[262].im, 0x00000000,
inFFT[263].re, 0xFFFFEC00,
inFFT[263].im, 0x00000000,
inFFT[264].re, 0xFFFFC800,
inFFT[264].im, 0x00000000,
inFFT[265].re, 0xFFFFC400,
inFFT[265].im, 0x00000000,
inFFT[266].re, 0xFFFFEC00,
inFFT[266].im, 0x00000000,
inFFT[267].re, 0x00001400,
inFFT[267].im, 0x00000000,
inFFT[268].re, 0x00003400,
inFFT[268].im, 0x00000000,
inFFT[269].re, 0x00003400,
inFFT[269].im, 0x00000000,
inFFT[270].re, 0x00002000,
inFFT[270].im, 0x00000000,
inFFT[271].re, 0xFFFFFC00,
inFFT[271].im, 0x00000000,
inFFT[272].re, 0xFFFFD000,
inFFT[272].im, 0x00000000,
inFFT[273].re, 0xFFFFB800,
inFFT[273].im, 0x00000000,
inFFT[274].re, 0xFFFFB400,
inFFT[274].im, 0x00000000,
inFFT[275].re, 0xFFFFC800,
inFFT[275].im, 0x00000000,
inFFT[276].re, 0xFFFFEC00,
inFFT[276].im, 0x00000000,
inFFT[277].re, 0x00001800,
inFFT[277].im, 0x00000000,
inFFT[278].re, 0x00003400,
inFFT[278].im, 0x00000000,
inFFT[279].re, 0x00003800,
inFFT[279].im, 0x00000000,
inFFT[280].re, 0x00002400,
inFFT[280].im, 0x00000000,
inFFT[281].re, 0xFFFFFC00,
inFFT[281].im, 0x00000000,
inFFT[282].re, 0xFFFFD000,
inFFT[282].im, 0x00000000,
inFFT[283].re, 0xFFFFB800,
inFFT[283].im, 0x00000000,
inFFT[284].re, 0xFFFFB000,
inFFT[284].im, 0x00000000,
inFFT[285].re, 0xFFFFC800,
inFFT[285].im, 0x00000000,
inFFT[286].re, 0xFFFFEC00,
inFFT[286].im, 0x00000000,
inFFT[287].re, 0x00001800,
inFFT[287].im, 0x00000000,
inFFT[288].re, 0x00003000,
inFFT[288].im, 0x00000000,
inFFT[289].re, 0x00003800,
inFFT[289].im, 0x00000000,
inFFT[290].re, 0x00002000,
inFFT[290].im, 0x00000000,
inFFT[291].re, 0xFFFFFC00,
inFFT[291].im, 0x00000000,
inFFT[292].re, 0xFFFFD000,
inFFT[292].im, 0x00000000,
inFFT[293].re, 0xFFFFB400,
inFFT[293].im, 0x00000000,
inFFT[294].re, 0xFFFFB400,
inFFT[294].im, 0x00000000,
inFFT[295].re, 0xFFFFC800,
inFFT[295].im, 0x00000000,
inFFT[296].re, 0xFFFFF000,
inFFT[296].im, 0x00000000,
inFFT[297].re, 0x00001800,
inFFT[297].im, 0x00000000,
inFFT[298].re, 0x00003400,
inFFT[298].im, 0x00000000,
inFFT[299].re, 0x00003800,
inFFT[299].im, 0x00000000,
inFFT[300].re, 0x00002000,
inFFT[300].im, 0x00000000,
inFFT[301].re, 0xFFFFF800,
inFFT[301].im, 0x00000000,
inFFT[302].re, 0xFFFFD000,
inFFT[302].im, 0x00000000,
inFFT[303].re, 0xFFFFB800,
inFFT[303].im, 0x00000000,
inFFT[304].re, 0xFFFFB400,
inFFT[304].im, 0x00000000,
inFFT[305].re, 0xFFFFC800,
inFFT[305].im, 0x00000000,
inFFT[306].re, 0xFFFFF000,
inFFT[306].im, 0x00000000,
inFFT[307].re, 0x00001800,
inFFT[307].im, 0x00000000,
inFFT[308].re, 0x00003400,
inFFT[308].im, 0x00000000,
inFFT[309].re, 0x00003800,
inFFT[309].im, 0x00000000,
inFFT[310].re, 0x00002000,
inFFT[310].im, 0x00000000,
inFFT[311].re, 0xFFFFF800,
inFFT[311].im, 0x00000000,
inFFT[312].re, 0xFFFFD000,
inFFT[312].im, 0x00000000,
inFFT[313].re, 0xFFFFB800,
inFFT[313].im, 0x00000000,
inFFT[314].re, 0xFFFFB000,
inFFT[314].im, 0x00000000,
inFFT[315].re, 0xFFFFC800,
inFFT[315].im, 0x00000000,
inFFT[316].re, 0xFFFFF000,
inFFT[316].im, 0x00000000,
inFFT[317].re, 0x00001800,
inFFT[317].im, 0x00000000,
inFFT[318].re, 0x00003400,
inFFT[318].im, 0x00000000,
inFFT[319].re, 0x00003800,
inFFT[319].im, 0x00000000,
inFFT[320].re, 0x00002000,
inFFT[320].im, 0x00000000,
inFFT[321].re, 0xFFFFFC00,
inFFT[321].im, 0x00000000,
inFFT[322].re, 0xFFFFD000,
inFFT[322].im, 0x00000000,
inFFT[323].re, 0xFFFFB400,
inFFT[323].im, 0x00000000,
inFFT[324].re, 0xFFFFB000,
inFFT[324].im, 0x00000000,
inFFT[325].re, 0xFFFFC800,
inFFT[325].im, 0x00000000,
inFFT[326].re, 0xFFFFF000,
inFFT[326].im, 0x00000000,
inFFT[327].re, 0x00001800,
inFFT[327].im, 0x00000000,
inFFT[328].re, 0x00003400,
inFFT[328].im, 0x00000000,
inFFT[329].re, 0x00003800,
inFFT[329].im, 0x00000000,
inFFT[330].re, 0x00002000,
inFFT[330].im, 0x00000000,
inFFT[331].re, 0xFFFFF800,
inFFT[331].im, 0x00000000,
inFFT[332].re, 0xFFFFD000,
inFFT[332].im, 0x00000000,
inFFT[333].re, 0xFFFFB400,
inFFT[333].im, 0x00000000,
inFFT[334].re, 0xFFFFB400,
inFFT[334].im, 0x00000000,
inFFT[335].re, 0xFFFFC800,
inFFT[335].im, 0x00000000,
inFFT[336].re, 0xFFFFF000,
inFFT[336].im, 0x00000000,
inFFT[337].re, 0x00001800,
inFFT[337].im, 0x00000000,
inFFT[338].re, 0x00003000,
inFFT[338].im, 0x00000000,
inFFT[339].re, 0x00003800,
inFFT[339].im, 0x00000000,
inFFT[340].re, 0x00002000,
inFFT[340].im, 0x00000000,
inFFT[341].re, 0xFFFFF800,
inFFT[341].im, 0x00000000,
inFFT[342].re, 0xFFFFD000,
inFFT[342].im, 0x00000000,
inFFT[343].re, 0xFFFFB800,
inFFT[343].im, 0x00000000,
inFFT[344].re, 0xFFFFB000,
inFFT[344].im, 0x00000000,
inFFT[345].re, 0xFFFFC800,
inFFT[345].im, 0x00000000,
inFFT[346].re, 0xFFFFF000,
inFFT[346].im, 0x00000000,
inFFT[347].re, 0x00001800,
inFFT[347].im, 0x00000000,
inFFT[348].re, 0x00003400,
inFFT[348].im, 0x00000000,
inFFT[349].re, 0x00003400,
inFFT[349].im, 0x00000000,
inFFT[350].re, 0x00002000,
inFFT[350].im, 0x00000000,
inFFT[351].re, 0xFFFFF800,
inFFT[351].im, 0x00000000,
inFFT[352].re, 0xFFFFD000,
inFFT[352].im, 0x00000000,
inFFT[353].re, 0xFFFFB800,
inFFT[353].im, 0x00000000,
inFFT[354].re, 0xFFFFB000,
inFFT[354].im, 0x00000000,
inFFT[355].re, 0xFFFFC800,
inFFT[355].im, 0x00000000,
inFFT[356].re, 0xFFFFF000,
inFFT[356].im, 0x00000000,
inFFT[357].re, 0x00001800,
inFFT[357].im, 0x00000000,
inFFT[358].re, 0x00003400,
inFFT[358].im, 0x00000000,
inFFT[359].re, 0x00003800,
inFFT[359].im, 0x00000000,
inFFT[360].re, 0x00002000,
inFFT[360].im, 0x00000000,
inFFT[361].re, 0xFFFFF800,
inFFT[361].im, 0x00000000,
inFFT[362].re, 0xFFFFD000,
inFFT[362].im, 0x00000000,
inFFT[363].re, 0xFFFFB400,
inFFT[363].im, 0x00000000,
inFFT[364].re, 0xFFFFB000,
inFFT[364].im, 0x00000000,
inFFT[365].re, 0xFFFFC800,
inFFT[365].im, 0x00000000,
inFFT[366].re, 0xFFFFF000,
inFFT[366].im, 0x00000000,
inFFT[367].re, 0x00001800,
inFFT[367].im, 0x00000000,
inFFT[368].re, 0x00003400,
inFFT[368].im, 0x00000000,
inFFT[369].re, 0x00003800,
inFFT[369].im, 0x00000000,
inFFT[370].re, 0x00002000,
inFFT[370].im, 0x00000000,
inFFT[371].re, 0xFFFFF800,
inFFT[371].im, 0x00000000,
inFFT[372].re, 0xFFFFD000,
inFFT[372].im, 0x00000000,
inFFT[373].re, 0xFFFFB400,
inFFT[373].im, 0x00000000,
inFFT[374].re, 0xFFFFB000,
inFFT[374].im, 0x00000000,
inFFT[375].re, 0xFFFFC800,
inFFT[375].im, 0x00000000,
inFFT[376].re, 0xFFFFF000,
inFFT[376].im, 0x00000000,
inFFT[377].re, 0x00001C00,
inFFT[377].im, 0x00000000,
inFFT[378].re, 0x00003400,
inFFT[378].im, 0x00000000,
inFFT[379].re, 0x00003800,
inFFT[379].im, 0x00000000,
inFFT[380].re, 0x00002000,
inFFT[380].im, 0x00000000,
inFFT[381].re, 0xFFFFF800,
inFFT[381].im, 0x00000000,
inFFT[382].re, 0xFFFFD000,
inFFT[382].im, 0x00000000,
inFFT[383].re, 0xFFFFB400,
inFFT[383].im, 0x00000000,
inFFT[384].re, 0xFFFFB400,
inFFT[384].im, 0x00000000,
inFFT[385].re, 0xFFFFC800,
inFFT[385].im, 0x00000000,
inFFT[386].re, 0xFFFFF000,
inFFT[386].im, 0x00000000,
inFFT[387].re, 0x00001C00,
inFFT[387].im, 0x00000000,
inFFT[388].re, 0x00003400,
inFFT[388].im, 0x00000000,
inFFT[389].re, 0x00003400,
inFFT[389].im, 0x00000000,
inFFT[390].re, 0x00002000,
inFFT[390].im, 0x00000000,
inFFT[391].re, 0xFFFFF800,
inFFT[391].im, 0x00000000,
inFFT[392].re, 0xFFFFD000,
inFFT[392].im, 0x00000000,
inFFT[393].re, 0xFFFFB400,
inFFT[393].im, 0x00000000,
inFFT[394].re, 0xFFFFB000,
inFFT[394].im, 0x00000000,
inFFT[395].re, 0xFFFFC800,
inFFT[395].im, 0x00000000,
inFFT[396].re, 0xFFFFF000,
inFFT[396].im, 0x00000000,
inFFT[397].re, 0x00001800,
inFFT[397].im, 0x00000000,
inFFT[398].re, 0x00003400,
inFFT[398].im, 0x00000000,
inFFT[399].re, 0x00003400,
inFFT[399].im, 0x00000000,
inFFT[400].re, 0x00002000,
inFFT[400].im, 0x00000000,
inFFT[401].re, 0xFFFFF800,
inFFT[401].im, 0x00000000,
inFFT[402].re, 0xFFFFCC00,
inFFT[402].im, 0x00000000,
inFFT[403].re, 0xFFFFB400,
inFFT[403].im, 0x00000000,
inFFT[404].re, 0xFFFFB000,
inFFT[404].im, 0x00000000,
inFFT[405].re, 0xFFFFCC00,
inFFT[405].im, 0x00000000,
inFFT[406].re, 0xFFFFF000,
inFFT[406].im, 0x00000000,
inFFT[407].re, 0x00001C00,
inFFT[407].im, 0x00000000,
inFFT[408].re, 0x00003400,
inFFT[408].im, 0x00000000,
inFFT[409].re, 0x00003800,
inFFT[409].im, 0x00000000,
inFFT[410].re, 0x00002000,
inFFT[410].im, 0x00000000,
inFFT[411].re, 0xFFFFF800,
inFFT[411].im, 0x00000000,
inFFT[412].re, 0xFFFFD000,
inFFT[412].im, 0x00000000,
inFFT[413].re, 0xFFFFB400,
inFFT[413].im, 0x00000000,
inFFT[414].re, 0xFFFFB400,
inFFT[414].im, 0x00000000,
inFFT[415].re, 0xFFFFC800,
inFFT[415].im, 0x00000000,
inFFT[416].re, 0xFFFFF000,
inFFT[416].im, 0x00000000,
inFFT[417].re, 0x00001C00,
inFFT[417].im, 0x00000000,
inFFT[418].re, 0x00003400,
inFFT[418].im, 0x00000000,
inFFT[419].re, 0x00003800,
inFFT[419].im, 0x00000000,
inFFT[420].re, 0x00002000,
inFFT[420].im, 0x00000000,
inFFT[421].re, 0xFFFFF800,
inFFT[421].im, 0x00000000,
inFFT[422].re, 0xFFFFD000,
inFFT[422].im, 0x00000000,
inFFT[423].re, 0xFFFFB400,
inFFT[423].im, 0x00000000,
inFFT[424].re, 0xFFFFB400,
inFFT[424].im, 0x00000000,
inFFT[425].re, 0xFFFFC800,
inFFT[425].im, 0x00000000,
inFFT[426].re, 0xFFFFF000,
inFFT[426].im, 0x00000000,
inFFT[427].re, 0x00001800,
inFFT[427].im, 0x00000000,
inFFT[428].re, 0x00003800,
inFFT[428].im, 0x00000000,
inFFT[429].re, 0x00003800,
inFFT[429].im, 0x00000000,
inFFT[430].re, 0x00002000,
inFFT[430].im, 0x00000000,
inFFT[431].re, 0xFFFFF800,
inFFT[431].im, 0x00000000,
inFFT[432].re, 0xFFFFD000,
inFFT[432].im, 0x00000000,
inFFT[433].re, 0xFFFFB400,
inFFT[433].im, 0x00000000,
inFFT[434].re, 0xFFFFB000,
inFFT[434].im, 0x00000000,
inFFT[435].re, 0xFFFFCC00,
inFFT[435].im, 0x00000000,
inFFT[436].re, 0xFFFFF000,
inFFT[436].im, 0x00000000,
inFFT[437].re, 0x00001C00,
inFFT[437].im, 0x00000000,
inFFT[438].re, 0x00003400,
inFFT[438].im, 0x00000000,
inFFT[439].re, 0x00003800,
inFFT[439].im, 0x00000000,
inFFT[440].re, 0x00002000,
inFFT[440].im, 0x00000000,
inFFT[441].re, 0xFFFFF800,
inFFT[441].im, 0x00000000,
inFFT[442].re, 0xFFFFCC00,
inFFT[442].im, 0x00000000,
inFFT[443].re, 0xFFFFB400,
inFFT[443].im, 0x00000000,
inFFT[444].re, 0xFFFFB400,
inFFT[444].im, 0x00000000,
inFFT[445].re, 0xFFFFC800,
inFFT[445].im, 0x00000000,
inFFT[446].re, 0xFFFFF000,
inFFT[446].im, 0x00000000,
inFFT[447].re, 0x00001C00,
inFFT[447].im, 0x00000000,
inFFT[448].re, 0x00003400,
inFFT[448].im, 0x00000000,
inFFT[449].re, 0x00003800,
inFFT[449].im, 0x00000000,
inFFT[450].re, 0x00002000,
inFFT[450].im, 0x00000000,
inFFT[451].re, 0xFFFFF800,
inFFT[451].im, 0x00000000,
inFFT[452].re, 0xFFFFCC00,
inFFT[452].im, 0x00000000,
inFFT[453].re, 0xFFFFB400,
inFFT[453].im, 0x00000000,
inFFT[454].re, 0xFFFFB400,
inFFT[454].im, 0x00000000,
inFFT[455].re, 0xFFFFCC00,
inFFT[455].im, 0x00000000,
inFFT[456].re, 0xFFFFF000,
inFFT[456].im, 0x00000000,
inFFT[457].re, 0x00001C00,
inFFT[457].im, 0x00000000,
inFFT[458].re, 0x00003400,
inFFT[458].im, 0x00000000,
inFFT[459].re, 0x00003800,
inFFT[459].im, 0x00000000,
inFFT[460].re, 0x00002000,
inFFT[460].im, 0x00000000,
inFFT[461].re, 0xFFFFF800,
inFFT[461].im, 0x00000000,
inFFT[462].re, 0xFFFFCC00,
inFFT[462].im, 0x00000000,
inFFT[463].re, 0xFFFFB400,
inFFT[463].im, 0x00000000,
inFFT[464].re, 0xFFFFB000,
inFFT[464].im, 0x00000000,
inFFT[465].re, 0xFFFFCC00,
inFFT[465].im, 0x00000000,
inFFT[466].re, 0xFFFFF000,
inFFT[466].im, 0x00000000,
inFFT[467].re, 0x00001C00,
inFFT[467].im, 0x00000000,
inFFT[468].re, 0x00003400,
inFFT[468].im, 0x00000000,
inFFT[469].re, 0x00003800,
inFFT[469].im, 0x00000000,
inFFT[470].re, 0x00002000,
inFFT[470].im, 0x00000000,
inFFT[471].re, 0xFFFFF800,
inFFT[471].im, 0x00000000,
inFFT[472].re, 0xFFFFD000,
inFFT[472].im, 0x00000000,
inFFT[473].re, 0xFFFFB400,
inFFT[473].im, 0x00000000,
inFFT[474].re, 0xFFFFB400,
inFFT[474].im, 0x00000000,
inFFT[475].re, 0xFFFFC800,
inFFT[475].im, 0x00000000,
inFFT[476].re, 0xFFFFF000,
inFFT[476].im, 0x00000000,
inFFT[477].re, 0x00001C00,
inFFT[477].im, 0x00000000,
inFFT[478].re, 0x00003400,
inFFT[478].im, 0x00000000,
inFFT[479].re, 0x00003800,
inFFT[479].im, 0x00000000,
inFFT[480].re, 0x00001C00,
inFFT[480].im, 0x00000000,
inFFT[481].re, 0xFFFFF800,
inFFT[481].im, 0x00000000,
inFFT[482].re, 0xFFFFCC00,
inFFT[482].im, 0x00000000,
inFFT[483].re, 0xFFFFB400,
inFFT[483].im, 0x00000000,
inFFT[484].re, 0xFFFFB400,
inFFT[484].im, 0x00000000,
inFFT[485].re, 0xFFFFCC00,
inFFT[485].im, 0x00000000,
inFFT[486].re, 0xFFFFF000,
inFFT[486].im, 0x00000000,
inFFT[487].re, 0x00001C00,
inFFT[487].im, 0x00000000,
inFFT[488].re, 0x00003400,
inFFT[488].im, 0x00000000,
inFFT[489].re, 0x00003800,
inFFT[489].im, 0x00000000,
inFFT[490].re, 0x00001C00,
inFFT[490].im, 0x00000000,
inFFT[491].re, 0xFFFFF800,
inFFT[491].im, 0x00000000,
inFFT[492].re, 0xFFFFD000,
inFFT[492].im, 0x00000000,
inFFT[493].re, 0xFFFFB400,
inFFT[493].im, 0x00000000,
inFFT[494].re, 0xFFFFB400,
inFFT[494].im, 0x00000000,
inFFT[495].re, 0xFFFFCC00,
inFFT[495].im, 0x00000000,
inFFT[496].re, 0xFFFFF000,
inFFT[496].im, 0x00000000,
inFFT[497].re, 0x00001C00,
inFFT[497].im, 0x00000000,
inFFT[498].re, 0x00003400,
inFFT[498].im, 0x00000000,
inFFT[499].re, 0x00003800,
inFFT[499].im, 0x00000000,
inFFT[500].re, 0x00002000,
inFFT[500].im, 0x00000000,
inFFT[501].re, 0xFFFFF800,
inFFT[501].im, 0x00000000,
inFFT[502].re, 0xFFFFCC00,
inFFT[502].im, 0x00000000,
inFFT[503].re, 0xFFFFB400,
inFFT[503].im, 0x00000000,
inFFT[504].re, 0xFFFFB400,
inFFT[504].im, 0x00000000,
inFFT[505].re, 0xFFFFC800,
inFFT[505].im, 0x00000000,
inFFT[506].re, 0xFFFFF000,
inFFT[506].im, 0x00000000,
inFFT[507].re, 0x00001C00,
inFFT[507].im, 0x00000000,
inFFT[508].re, 0x00003400,
inFFT[508].im, 0x00000000,
inFFT[509].re, 0x00003400,
inFFT[509].im, 0x00000000,
inFFT[510].re, 0x00002000,
inFFT[510].im, 0x00000000,
inFFT[511].re, 0xFFFFF800,
inFFT[511].im, 0x00000000,
inFFT[512].re, 0xFFFFD000,
inFFT[512].im, 0x00000000,
inFFT[513].re, 0xFFFFB400,
inFFT[513].im, 0x00000000,
inFFT[514].re, 0xFFFFB400,
inFFT[514].im, 0x00000000,
inFFT[515].re, 0xFFFFCC00,
inFFT[515].im, 0x00000000,
inFFT[516].re, 0xFFFFF000,
inFFT[516].im, 0x00000000,
inFFT[517].re, 0x00001C00,
inFFT[517].im, 0x00000000,
inFFT[518].re, 0x00003400,
inFFT[518].im, 0x00000000,
inFFT[519].re, 0x00003800,
inFFT[519].im, 0x00000000,
inFFT[520].re, 0x00001C00,
inFFT[520].im, 0x00000000,
inFFT[521].re, 0xFFFFF800,
inFFT[521].im, 0x00000000,
inFFT[522].re, 0xFFFFCC00,
inFFT[522].im, 0x00000000,
inFFT[523].re, 0xFFFFB400,
inFFT[523].im, 0x00000000,
inFFT[524].re, 0xFFFFB400,
inFFT[524].im, 0x00000000,
inFFT[525].re, 0xFFFFCC00,
inFFT[525].im, 0x00000000,
inFFT[526].re, 0xFFFFF000,
inFFT[526].im, 0x00000000,
inFFT[527].re, 0x00001C00,
inFFT[527].im, 0x00000000,
inFFT[528].re, 0x00003400,
inFFT[528].im, 0x00000000,
inFFT[529].re, 0x00003800,
inFFT[529].im, 0x00000000,
inFFT[530].re, 0x00001C00,
inFFT[530].im, 0x00000000,
inFFT[531].re, 0xFFFFF800,
inFFT[531].im, 0x00000000,
inFFT[532].re, 0xFFFFCC00,
inFFT[532].im, 0x00000000,
inFFT[533].re, 0xFFFFB400,
inFFT[533].im, 0x00000000,
inFFT[534].re, 0xFFFFB400,
inFFT[534].im, 0x00000000,
inFFT[535].re, 0xFFFFCC00,
inFFT[535].im, 0x00000000,
inFFT[536].re, 0xFFFFF000,
inFFT[536].im, 0x00000000,
inFFT[537].re, 0x00001C00,
inFFT[537].im, 0x00000000,
inFFT[538].re, 0x00003400,
inFFT[538].im, 0x00000000,
inFFT[539].re, 0x00003800,
inFFT[539].im, 0x00000000,
inFFT[540].re, 0x00002000,
inFFT[540].im, 0x00000000,
inFFT[541].re, 0xFFFFF800,
inFFT[541].im, 0x00000000,
inFFT[542].re, 0xFFFFD000,
inFFT[542].im, 0x00000000,
inFFT[543].re, 0xFFFFB400,
inFFT[543].im, 0x00000000,
inFFT[544].re, 0xFFFFB400,
inFFT[544].im, 0x00000000,
inFFT[545].re, 0xFFFFCC00,
inFFT[545].im, 0x00000000,
inFFT[546].re, 0xFFFFF000,
inFFT[546].im, 0x00000000,
inFFT[547].re, 0x00001C00,
inFFT[547].im, 0x00000000,
inFFT[548].re, 0x00003800,
inFFT[548].im, 0x00000000,
inFFT[549].re, 0x00003800,
inFFT[549].im, 0x00000000,
inFFT[550].re, 0x00001C00,
inFFT[550].im, 0x00000000,
inFFT[551].re, 0xFFFFF800,
inFFT[551].im, 0x00000000,
inFFT[552].re, 0xFFFFCC00,
inFFT[552].im, 0x00000000,
inFFT[553].re, 0xFFFFB400,
inFFT[553].im, 0x00000000,
inFFT[554].re, 0xFFFFB400,
inFFT[554].im, 0x00000000,
inFFT[555].re, 0xFFFFCC00,
inFFT[555].im, 0x00000000,
inFFT[556].re, 0xFFFFF400,
inFFT[556].im, 0x00000000,
inFFT[557].re, 0x00001C00,
inFFT[557].im, 0x00000000,
inFFT[558].re, 0x00003400,
inFFT[558].im, 0x00000000,
inFFT[559].re, 0x00003800,
inFFT[559].im, 0x00000000,
inFFT[560].re, 0x00002000,
inFFT[560].im, 0x00000000,
inFFT[561].re, 0xFFFFF800,
inFFT[561].im, 0x00000000,
inFFT[562].re, 0xFFFFCC00,
inFFT[562].im, 0x00000000,
inFFT[563].re, 0xFFFFB400,
inFFT[563].im, 0x00000000,
inFFT[564].re, 0xFFFFB400,
inFFT[564].im, 0x00000000,
inFFT[565].re, 0xFFFFCC00,
inFFT[565].im, 0x00000000,
inFFT[566].re, 0xFFFFF400,
inFFT[566].im, 0x00000000,
inFFT[567].re, 0x00001C00,
inFFT[567].im, 0x00000000,
inFFT[568].re, 0x00003800,
inFFT[568].im, 0x00000000,
inFFT[569].re, 0x00003800,
inFFT[569].im, 0x00000000,
inFFT[570].re, 0x00001C00,
inFFT[570].im, 0x00000000,
inFFT[571].re, 0xFFFFF400,
inFFT[571].im, 0x00000000,
inFFT[572].re, 0xFFFFCC00,
inFFT[572].im, 0x00000000,
inFFT[573].re, 0xFFFFB400,
inFFT[573].im, 0x00000000,
inFFT[574].re, 0xFFFFB400,
inFFT[574].im, 0x00000000,
inFFT[575].re, 0xFFFFCC00,
inFFT[575].im, 0x00000000,
inFFT[576].re, 0xFFFFF400,
inFFT[576].im, 0x00000000,
inFFT[577].re, 0x00001C00,
inFFT[577].im, 0x00000000,
inFFT[578].re, 0x00003400,
inFFT[578].im, 0x00000000,
inFFT[579].re, 0x00003400,
inFFT[579].im, 0x00000000,
inFFT[580].re, 0x00001C00,
inFFT[580].im, 0x00000000,
inFFT[581].re, 0xFFFFF400,
inFFT[581].im, 0x00000000,
inFFT[582].re, 0xFFFFCC00,
inFFT[582].im, 0x00000000,
inFFT[583].re, 0xFFFFB400,
inFFT[583].im, 0x00000000,
inFFT[584].re, 0xFFFFB400,
inFFT[584].im, 0x00000000,
inFFT[585].re, 0xFFFFCC00,
inFFT[585].im, 0x00000000,
inFFT[586].re, 0xFFFFF400,
inFFT[586].im, 0x00000000,
inFFT[587].re, 0x00001C00,
inFFT[587].im, 0x00000000,
inFFT[588].re, 0x00003400,
inFFT[588].im, 0x00000000,
inFFT[589].re, 0x00003400,
inFFT[589].im, 0x00000000,
inFFT[590].re, 0x00001C00,
inFFT[590].im, 0x00000000,
inFFT[591].re, 0xFFFFF400,
inFFT[591].im, 0x00000000,
inFFT[592].re, 0xFFFFCC00,
inFFT[592].im, 0x00000000,
inFFT[593].re, 0xFFFFB400,
inFFT[593].im, 0x00000000,
inFFT[594].re, 0xFFFFB000,
inFFT[594].im, 0x00000000,
inFFT[595].re, 0xFFFFCC00,
inFFT[595].im, 0x00000000,
inFFT[596].re, 0xFFFFF000,
inFFT[596].im, 0x00000000,
inFFT[597].re, 0x00001C00,
inFFT[597].im, 0x00000000,
inFFT[598].re, 0x00003400,
inFFT[598].im, 0x00000000,
inFFT[599].re, 0x00003800,
inFFT[599].im, 0x00000000,
inFFT[600].re, 0x00001C00,
inFFT[600].im, 0x00000000,
inFFT[601].re, 0xFFFFF400,
inFFT[601].im, 0x00000000,
inFFT[602].re, 0xFFFFCC00,
inFFT[602].im, 0x00000000,
inFFT[603].re, 0xFFFFB400,
inFFT[603].im, 0x00000000,
inFFT[604].re, 0xFFFFB000,
inFFT[604].im, 0x00000000,
inFFT[605].re, 0xFFFFCC00,
inFFT[605].im, 0x00000000,
inFFT[606].re, 0xFFFFF400,
inFFT[606].im, 0x00000000,
inFFT[607].re, 0x00001C00,
inFFT[607].im, 0x00000000,
inFFT[608].re, 0x00003400,
inFFT[608].im, 0x00000000,
inFFT[609].re, 0x00003400,
inFFT[609].im, 0x00000000,
inFFT[610].re, 0x00001C00,
inFFT[610].im, 0x00000000,
inFFT[611].re, 0xFFFFF400,
inFFT[611].im, 0x00000000,
inFFT[612].re, 0xFFFFCC00,
inFFT[612].im, 0x00000000,
inFFT[613].re, 0xFFFFB400,
inFFT[613].im, 0x00000000,
inFFT[614].re, 0xFFFFB400,
inFFT[614].im, 0x00000000,
inFFT[615].re, 0xFFFFCC00,
inFFT[615].im, 0x00000000,
inFFT[616].re, 0xFFFFF400,
inFFT[616].im, 0x00000000,
inFFT[617].re, 0x00001C00,
inFFT[617].im, 0x00000000,
inFFT[618].re, 0x00003400,
inFFT[618].im, 0x00000000,
inFFT[619].re, 0x00003800,
inFFT[619].im, 0x00000000,
inFFT[620].re, 0x00001C00,
inFFT[620].im, 0x00000000,
inFFT[621].re, 0xFFFFF800,
inFFT[621].im, 0x00000000,
inFFT[622].re, 0xFFFFCC00,
inFFT[622].im, 0x00000000,
inFFT[623].re, 0xFFFFB400,
inFFT[623].im, 0x00000000,
inFFT[624].re, 0xFFFFB400,
inFFT[624].im, 0x00000000,
inFFT[625].re, 0xFFFFCC00,
inFFT[625].im, 0x00000000,
inFFT[626].re, 0xFFFFF400,
inFFT[626].im, 0x00000000,
inFFT[627].re, 0x00001C00,
inFFT[627].im, 0x00000000,
inFFT[628].re, 0x00003400,
inFFT[628].im, 0x00000000,
inFFT[629].re, 0x00003400,
inFFT[629].im, 0x00000000,
inFFT[630].re, 0x00001C00,
inFFT[630].im, 0x00000000,
inFFT[631].re, 0xFFFFF400,
inFFT[631].im, 0x00000000,
inFFT[632].re, 0xFFFFCC00,
inFFT[632].im, 0x00000000,
inFFT[633].re, 0xFFFFB400,
inFFT[633].im, 0x00000000,
inFFT[634].re, 0xFFFFB400,
inFFT[634].im, 0x00000000,
inFFT[635].re, 0xFFFFCC00,
inFFT[635].im, 0x00000000,
inFFT[636].re, 0xFFFFF400,
inFFT[636].im, 0x00000000,
inFFT[637].re, 0x00001C00,
inFFT[637].im, 0x00000000,
inFFT[638].re, 0x00003400,
inFFT[638].im, 0x00000000,
inFFT[639].re, 0x00003400,
inFFT[639].im, 0x00000000,
inFFT[640].re, 0x00001C00,
inFFT[640].im, 0x00000000,
inFFT[641].re, 0xFFFFF400,
inFFT[641].im, 0x00000000,
inFFT[642].re, 0xFFFFCC00,
inFFT[642].im, 0x00000000,
inFFT[643].re, 0xFFFFB400,
inFFT[643].im, 0x00000000,
inFFT[644].re, 0xFFFFB400,
inFFT[644].im, 0x00000000,
inFFT[645].re, 0xFFFFCC00,
inFFT[645].im, 0x00000000,
inFFT[646].re, 0xFFFFF400,
inFFT[646].im, 0x00000000,
inFFT[647].re, 0x00001C00,
inFFT[647].im, 0x00000000,
inFFT[648].re, 0x00003800,
inFFT[648].im, 0x00000000,
inFFT[649].re, 0x00003400,
inFFT[649].im, 0x00000000,
inFFT[650].re, 0x00001C00,
inFFT[650].im, 0x00000000,
inFFT[651].re, 0xFFFFF000,
inFFT[651].im, 0x00000000,
inFFT[652].re, 0xFFFFCC00,
inFFT[652].im, 0x00000000,
inFFT[653].re, 0xFFFFB400,
inFFT[653].im, 0x00000000,
inFFT[654].re, 0xFFFFB400,
inFFT[654].im, 0x00000000,
inFFT[655].re, 0xFFFFCC00,
inFFT[655].im, 0x00000000,
inFFT[656].re, 0xFFFFF400,
inFFT[656].im, 0x00000000,
inFFT[657].re, 0x00001C00,
inFFT[657].im, 0x00000000,
inFFT[658].re, 0x00003800,
inFFT[658].im, 0x00000000,
inFFT[659].re, 0x00003400,
inFFT[659].im, 0x00000000,
inFFT[660].re, 0x00001C00,
inFFT[660].im, 0x00000000,
inFFT[661].re, 0xFFFFF400,
inFFT[661].im, 0x00000000,
inFFT[662].re, 0xFFFFCC00,
inFFT[662].im, 0x00000000,
inFFT[663].re, 0xFFFFB400,
inFFT[663].im, 0x00000000,
inFFT[664].re, 0xFFFFB400,
inFFT[664].im, 0x00000000,
inFFT[665].re, 0xFFFFCC00,
inFFT[665].im, 0x00000000,
inFFT[666].re, 0xFFFFF400,
inFFT[666].im, 0x00000000,
inFFT[667].re, 0x00001C00,
inFFT[667].im, 0x00000000,
inFFT[668].re, 0x00003800,
inFFT[668].im, 0x00000000,
inFFT[669].re, 0x00003400,
inFFT[669].im, 0x00000000,
inFFT[670].re, 0x00001C00,
inFFT[670].im, 0x00000000,
inFFT[671].re, 0xFFFFF400,
inFFT[671].im, 0x00000000,
inFFT[672].re, 0xFFFFCC00,
inFFT[672].im, 0x00000000,
inFFT[673].re, 0xFFFFB400,
inFFT[673].im, 0x00000000,
inFFT[674].re, 0xFFFFB400,
inFFT[674].im, 0x00000000,
inFFT[675].re, 0xFFFFCC00,
inFFT[675].im, 0x00000000,
inFFT[676].re, 0xFFFFF800,
inFFT[676].im, 0x00000000,
inFFT[677].re, 0x00001C00,
inFFT[677].im, 0x00000000,
inFFT[678].re, 0x00003400,
inFFT[678].im, 0x00000000,
inFFT[679].re, 0x00003400,
inFFT[679].im, 0x00000000,
inFFT[680].re, 0x00001C00,
inFFT[680].im, 0x00000000,
inFFT[681].re, 0xFFFFF400,
inFFT[681].im, 0x00000000,
inFFT[682].re, 0xFFFFCC00,
inFFT[682].im, 0x00000000,
inFFT[683].re, 0xFFFFB400,
inFFT[683].im, 0x00000000,
inFFT[684].re, 0xFFFFB400,
inFFT[684].im, 0x00000000,
inFFT[685].re, 0xFFFFCC00,
inFFT[685].im, 0x00000000,
inFFT[686].re, 0xFFFFF400,
inFFT[686].im, 0x00000000,
inFFT[687].re, 0x00001C00,
inFFT[687].im, 0x00000000,
inFFT[688].re, 0x00003800,
inFFT[688].im, 0x00000000,
inFFT[689].re, 0x00003400,
inFFT[689].im, 0x00000000,
inFFT[690].re, 0x00001C00,
inFFT[690].im, 0x00000000,
inFFT[691].re, 0xFFFFF000,
inFFT[691].im, 0x00000000,
inFFT[692].re, 0xFFFFCC00,
inFFT[692].im, 0x00000000,
inFFT[693].re, 0xFFFFB400,
inFFT[693].im, 0x00000000,
inFFT[694].re, 0xFFFFB400,
inFFT[694].im, 0x00000000,
inFFT[695].re, 0xFFFFCC00,
inFFT[695].im, 0x00000000,
inFFT[696].re, 0xFFFFF400,
inFFT[696].im, 0x00000000,
inFFT[697].re, 0x00001C00,
inFFT[697].im, 0x00000000,
inFFT[698].re, 0x00003800,
inFFT[698].im, 0x00000000,
inFFT[699].re, 0x00003400,
inFFT[699].im, 0x00000000,
inFFT[700].re, 0x00001C00,
inFFT[700].im, 0x00000000,
inFFT[701].re, 0xFFFFF000,
inFFT[701].im, 0x00000000,
inFFT[702].re, 0xFFFFCC00,
inFFT[702].im, 0x00000000,
inFFT[703].re, 0xFFFFB400,
inFFT[703].im, 0x00000000,
inFFT[704].re, 0xFFFFB400,
inFFT[704].im, 0x00000000,
inFFT[705].re, 0xFFFFCC00,
inFFT[705].im, 0x00000000,
inFFT[706].re, 0xFFFFF400,
inFFT[706].im, 0x00000000,
inFFT[707].re, 0x00002000,
inFFT[707].im, 0x00000000,
inFFT[708].re, 0x00003800,
inFFT[708].im, 0x00000000,
inFFT[709].re, 0x00003400,
inFFT[709].im, 0x00000000,
inFFT[710].re, 0x00001C00,
inFFT[710].im, 0x00000000,
inFFT[711].re, 0xFFFFF400,
inFFT[711].im, 0x00000000,
inFFT[712].re, 0xFFFFCC00,
inFFT[712].im, 0x00000000,
inFFT[713].re, 0xFFFFB000,
inFFT[713].im, 0x00000000,
inFFT[714].re, 0xFFFFB400,
inFFT[714].im, 0x00000000,
inFFT[715].re, 0xFFFFCC00,
inFFT[715].im, 0x00000000,
inFFT[716].re, 0xFFFFF400,
inFFT[716].im, 0x00000000,
inFFT[717].re, 0x00001C00,
inFFT[717].im, 0x00000000,
inFFT[718].re, 0x00003800,
inFFT[718].im, 0x00000000,
inFFT[719].re, 0x00003400,
inFFT[719].im, 0x00000000,
inFFT[720].re, 0x00001C00,
inFFT[720].im, 0x00000000,
inFFT[721].re, 0xFFFFF000,
inFFT[721].im, 0x00000000,
inFFT[722].re, 0xFFFFCC00,
inFFT[722].im, 0x00000000,
inFFT[723].re, 0xFFFFB400,
inFFT[723].im, 0x00000000,
inFFT[724].re, 0xFFFFB400,
inFFT[724].im, 0x00000000,
inFFT[725].re, 0xFFFFCC00,
inFFT[725].im, 0x00000000,
inFFT[726].re, 0xFFFFF800,
inFFT[726].im, 0x00000000,
inFFT[727].re, 0x00001C00,
inFFT[727].im, 0x00000000,
inFFT[728].re, 0x00003800,
inFFT[728].im, 0x00000000,
inFFT[729].re, 0x00003400,
inFFT[729].im, 0x00000000,
inFFT[730].re, 0x00001C00,
inFFT[730].im, 0x00000000,
inFFT[731].re, 0xFFFFF000,
inFFT[731].im, 0x00000000,
inFFT[732].re, 0xFFFFCC00,
inFFT[732].im, 0x00000000,
inFFT[733].re, 0xFFFFB400,
inFFT[733].im, 0x00000000,
inFFT[734].re, 0xFFFFB400,
inFFT[734].im, 0x00000000,
inFFT[735].re, 0xFFFFD000,
inFFT[735].im, 0x00000000,
inFFT[736].re, 0xFFFFF800,
inFFT[736].im, 0x00000000,
inFFT[737].re, 0x00002000,
inFFT[737].im, 0x00000000,
inFFT[738].re, 0x00003800,
inFFT[738].im, 0x00000000,
inFFT[739].re, 0x00003400,
inFFT[739].im, 0x00000000,
inFFT[740].re, 0x00001C00,
inFFT[740].im, 0x00000000,
inFFT[741].re, 0xFFFFF400,
inFFT[741].im, 0x00000000,
inFFT[742].re, 0xFFFFCC00,
inFFT[742].im, 0x00000000,
inFFT[743].re, 0xFFFFB400,
inFFT[743].im, 0x00000000,
inFFT[744].re, 0xFFFFB400,
inFFT[744].im, 0x00000000,
inFFT[745].re, 0xFFFFCC00,
inFFT[745].im, 0x00000000,
inFFT[746].re, 0xFFFFF800,
inFFT[746].im, 0x00000000,
inFFT[747].re, 0x00001C00,
inFFT[747].im, 0x00000000,
inFFT[748].re, 0x00003800,
inFFT[748].im, 0x00000000,
inFFT[749].re, 0x00003800,
inFFT[749].im, 0x00000000,
inFFT[750].re, 0x00001C00,
inFFT[750].im, 0x00000000,
inFFT[751].re, 0xFFFFF000,
inFFT[751].im, 0x00000000,
inFFT[752].re, 0xFFFFCC00,
inFFT[752].im, 0x00000000,
inFFT[753].re, 0xFFFFB000,
inFFT[753].im, 0x00000000,
inFFT[754].re, 0xFFFFB400,
inFFT[754].im, 0x00000000,
inFFT[755].re, 0xFFFFCC00,
inFFT[755].im, 0x00000000,
inFFT[756].re, 0xFFFFF800,
inFFT[756].im, 0x00000000,
inFFT[757].re, 0x00002000,
inFFT[757].im, 0x00000000,
inFFT[758].re, 0x00003800,
inFFT[758].im, 0x00000000,
inFFT[759].re, 0x00003400,
inFFT[759].im, 0x00000000,
inFFT[760].re, 0x00001C00,
inFFT[760].im, 0x00000000,
inFFT[761].re, 0xFFFFF000,
inFFT[761].im, 0x00000000,
inFFT[762].re, 0xFFFFCC00,
inFFT[762].im, 0x00000000,
inFFT[763].re, 0xFFFFB000,
inFFT[763].im, 0x00000000,
inFFT[764].re, 0xFFFFB400,
inFFT[764].im, 0x00000000,
inFFT[765].re, 0xFFFFCC00,
inFFT[765].im, 0x00000000,
inFFT[766].re, 0xFFFFF800,
inFFT[766].im, 0x00000000,
inFFT[767].re, 0x00002000,
inFFT[767].im, 0x00000000,
inFFT[768].re, 0x00000000,
inFFT[768].im, 0x00000000,
inFFT[769].re, 0x00000000,
inFFT[769].im, 0x00000000,
inFFT[770].re, 0x00000000,
inFFT[770].im, 0x00000000,
inFFT[771].re, 0x00000000,
inFFT[771].im, 0x00000000,
inFFT[772].re, 0x00000000,
inFFT[772].im, 0x00000000,
inFFT[773].re, 0x00000000,
inFFT[773].im, 0x00000000,
inFFT[774].re, 0x00000000,
inFFT[774].im, 0x00000000,
inFFT[775].re, 0x00000000,
inFFT[775].im, 0x00000000,
inFFT[776].re, 0x00000000,
inFFT[776].im, 0x00000000,
inFFT[777].re, 0x00000000,
inFFT[777].im, 0x00000000,
inFFT[778].re, 0x00000000,
inFFT[778].im, 0x00000000,
inFFT[779].re, 0x00000000,
inFFT[779].im, 0x00000000,
inFFT[780].re, 0x00000000,
inFFT[780].im, 0x00000000,
inFFT[781].re, 0x00000000,
inFFT[781].im, 0x00000000,
inFFT[782].re, 0x00000000,
inFFT[782].im, 0x00000000,
inFFT[783].re, 0x00000000,
inFFT[783].im, 0x00000000,
inFFT[784].re, 0x00000000,
inFFT[784].im, 0x00000000,
inFFT[785].re, 0x00000000,
inFFT[785].im, 0x00000000,
inFFT[786].re, 0x00000000,
inFFT[786].im, 0x00000000,
inFFT[787].re, 0x00000000,
inFFT[787].im, 0x00000000,
inFFT[788].re, 0x00000000,
inFFT[788].im, 0x00000000,
inFFT[789].re, 0x00000000,
inFFT[789].im, 0x00000000,
inFFT[790].re, 0x00000000,
inFFT[790].im, 0x00000000,
inFFT[791].re, 0x00000000,
inFFT[791].im, 0x00000000,
inFFT[792].re, 0x00000000,
inFFT[792].im, 0x00000000,
inFFT[793].re, 0x00000000,
inFFT[793].im, 0x00000000,
inFFT[794].re, 0x00000000,
inFFT[794].im, 0x00000000,
inFFT[795].re, 0x00000000,
inFFT[795].im, 0x00000000,
inFFT[796].re, 0x00000000,
inFFT[796].im, 0x00000000,
inFFT[797].re, 0x00000000,
inFFT[797].im, 0x00000000,
inFFT[798].re, 0x00000000,
inFFT[798].im, 0x00000000,
inFFT[799].re, 0x00000000,
inFFT[799].im, 0x00000000,
inFFT[800].re, 0x00000000,
inFFT[800].im, 0x00000000,
inFFT[801].re, 0x00000000,
inFFT[801].im, 0x00000000,
inFFT[802].re, 0x00000000,
inFFT[802].im, 0x00000000,
inFFT[803].re, 0x00000000,
inFFT[803].im, 0x00000000,
inFFT[804].re, 0x00000000,
inFFT[804].im, 0x00000000,
inFFT[805].re, 0x00000000,
inFFT[805].im, 0x00000000,
inFFT[806].re, 0x00000000,
inFFT[806].im, 0x00000000,
inFFT[807].re, 0x00000000,
inFFT[807].im, 0x00000000,
inFFT[808].re, 0x00000000,
inFFT[808].im, 0x00000000,
inFFT[809].re, 0x00000000,
inFFT[809].im, 0x00000000,
inFFT[810].re, 0x00000000,
inFFT[810].im, 0x00000000,
inFFT[811].re, 0x00000000,
inFFT[811].im, 0x00000000,
inFFT[812].re, 0x00000000,
inFFT[812].im, 0x00000000,
inFFT[813].re, 0x00000000,
inFFT[813].im, 0x00000000,
inFFT[814].re, 0x00000000,
inFFT[814].im, 0x00000000,
inFFT[815].re, 0x00000000,
inFFT[815].im, 0x00000000,
inFFT[816].re, 0x00000000,
inFFT[816].im, 0x00000000,
inFFT[817].re, 0x00000000,
inFFT[817].im, 0x00000000,
inFFT[818].re, 0x00000000,
inFFT[818].im, 0x00000000,
inFFT[819].re, 0x00000000,
inFFT[819].im, 0x00000000,
inFFT[820].re, 0x00000000,
inFFT[820].im, 0x00000000,
inFFT[821].re, 0x00000000,
inFFT[821].im, 0x00000000,
inFFT[822].re, 0x00000000,
inFFT[822].im, 0x00000000,
inFFT[823].re, 0x00000000,
inFFT[823].im, 0x00000000,
inFFT[824].re, 0x00000000,
inFFT[824].im, 0x00000000,
inFFT[825].re, 0x00000000,
inFFT[825].im, 0x00000000,
inFFT[826].re, 0x00000000,
inFFT[826].im, 0x00000000,
inFFT[827].re, 0x00000000,
inFFT[827].im, 0x00000000,
inFFT[828].re, 0x00000000,
inFFT[828].im, 0x00000000,
inFFT[829].re, 0x00000000,
inFFT[829].im, 0x00000000,
inFFT[830].re, 0x00000000,
inFFT[830].im, 0x00000000,
inFFT[831].re, 0x00000000,
inFFT[831].im, 0x00000000,
inFFT[832].re, 0x00000000,
inFFT[832].im, 0x00000000,
inFFT[833].re, 0x00000000,
inFFT[833].im, 0x00000000,
inFFT[834].re, 0x00000000,
inFFT[834].im, 0x00000000,
inFFT[835].re, 0x00000000,
inFFT[835].im, 0x00000000,
inFFT[836].re, 0x00000000,
inFFT[836].im, 0x00000000,
inFFT[837].re, 0x00000000,
inFFT[837].im, 0x00000000,
inFFT[838].re, 0x00000000,
inFFT[838].im, 0x00000000,
inFFT[839].re, 0x00000000,
inFFT[839].im, 0x00000000,
inFFT[840].re, 0x00000000,
inFFT[840].im, 0x00000000,
inFFT[841].re, 0x00000000,
inFFT[841].im, 0x00000000,
inFFT[842].re, 0x00000000,
inFFT[842].im, 0x00000000,
inFFT[843].re, 0x00000000,
inFFT[843].im, 0x00000000,
inFFT[844].re, 0x00000000,
inFFT[844].im, 0x00000000,
inFFT[845].re, 0x00000000,
inFFT[845].im, 0x00000000,
inFFT[846].re, 0x00000000,
inFFT[846].im, 0x00000000,
inFFT[847].re, 0x00000000,
inFFT[847].im, 0x00000000,
inFFT[848].re, 0x00000000,
inFFT[848].im, 0x00000000,
inFFT[849].re, 0x00000000,
inFFT[849].im, 0x00000000,
inFFT[850].re, 0x00000000,
inFFT[850].im, 0x00000000,
inFFT[851].re, 0x00000000,
inFFT[851].im, 0x00000000,
inFFT[852].re, 0x00000000,
inFFT[852].im, 0x00000000,
inFFT[853].re, 0x00000000,
inFFT[853].im, 0x00000000,
inFFT[854].re, 0x00000000,
inFFT[854].im, 0x00000000,
inFFT[855].re, 0x00000000,
inFFT[855].im, 0x00000000,
inFFT[856].re, 0x00000000,
inFFT[856].im, 0x00000000,
inFFT[857].re, 0x00000000,
inFFT[857].im, 0x00000000,
inFFT[858].re, 0x00000000,
inFFT[858].im, 0x00000000,
inFFT[859].re, 0x00000000,
inFFT[859].im, 0x00000000,
inFFT[860].re, 0x00000000,
inFFT[860].im, 0x00000000,
inFFT[861].re, 0x00000000,
inFFT[861].im, 0x00000000,
inFFT[862].re, 0x00000000,
inFFT[862].im, 0x00000000,
inFFT[863].re, 0x00000000,
inFFT[863].im, 0x00000000,
inFFT[864].re, 0x00000000,
inFFT[864].im, 0x00000000,
inFFT[865].re, 0x00000000,
inFFT[865].im, 0x00000000,
inFFT[866].re, 0x00000000,
inFFT[866].im, 0x00000000,
inFFT[867].re, 0x00000000,
inFFT[867].im, 0x00000000,
inFFT[868].re, 0x00000000,
inFFT[868].im, 0x00000000,
inFFT[869].re, 0x00000000,
inFFT[869].im, 0x00000000,
inFFT[870].re, 0x00000000,
inFFT[870].im, 0x00000000,
inFFT[871].re, 0x00000000,
inFFT[871].im, 0x00000000,
inFFT[872].re, 0x00000000,
inFFT[872].im, 0x00000000,
inFFT[873].re, 0x00000000,
inFFT[873].im, 0x00000000,
inFFT[874].re, 0x00000000,
inFFT[874].im, 0x00000000,
inFFT[875].re, 0x00000000,
inFFT[875].im, 0x00000000,
inFFT[876].re, 0x00000000,
inFFT[876].im, 0x00000000,
inFFT[877].re, 0x00000000,
inFFT[877].im, 0x00000000,
inFFT[878].re, 0x00000000,
inFFT[878].im, 0x00000000,
inFFT[879].re, 0x00000000,
inFFT[879].im, 0x00000000,
inFFT[880].re, 0x00000000,
inFFT[880].im, 0x00000000,
inFFT[881].re, 0x00000000,
inFFT[881].im, 0x00000000,
inFFT[882].re, 0x00000000,
inFFT[882].im, 0x00000000,
inFFT[883].re, 0x00000000,
inFFT[883].im, 0x00000000,
inFFT[884].re, 0x00000000,
inFFT[884].im, 0x00000000,
inFFT[885].re, 0x00000000,
inFFT[885].im, 0x00000000,
inFFT[886].re, 0x00000000,
inFFT[886].im, 0x00000000,
inFFT[887].re, 0x00000000,
inFFT[887].im, 0x00000000,
inFFT[888].re, 0x00000000,
inFFT[888].im, 0x00000000,
inFFT[889].re, 0x00000000,
inFFT[889].im, 0x00000000,
inFFT[890].re, 0x00000000,
inFFT[890].im, 0x00000000,
inFFT[891].re, 0x00000000,
inFFT[891].im, 0x00000000,
inFFT[892].re, 0x00000000,
inFFT[892].im, 0x00000000,
inFFT[893].re, 0x00000000,
inFFT[893].im, 0x00000000,
inFFT[894].re, 0x00000000,
inFFT[894].im, 0x00000000,
inFFT[895].re, 0x00000000,
inFFT[895].im, 0x00000000,
inFFT[896].re, 0x00000000,
inFFT[896].im, 0x00000000,
inFFT[897].re, 0x00000000,
inFFT[897].im, 0x00000000,
inFFT[898].re, 0x00000000,
inFFT[898].im, 0x00000000,
inFFT[899].re, 0x00000000,
inFFT[899].im, 0x00000000,
inFFT[900].re, 0x00000000,
inFFT[900].im, 0x00000000,
inFFT[901].re, 0x00000000,
inFFT[901].im, 0x00000000,
inFFT[902].re, 0x00000000,
inFFT[902].im, 0x00000000,
inFFT[903].re, 0x00000000,
inFFT[903].im, 0x00000000,
inFFT[904].re, 0x00000000,
inFFT[904].im, 0x00000000,
inFFT[905].re, 0x00000000,
inFFT[905].im, 0x00000000,
inFFT[906].re, 0x00000000,
inFFT[906].im, 0x00000000,
inFFT[907].re, 0x00000000,
inFFT[907].im, 0x00000000,
inFFT[908].re, 0x00000000,
inFFT[908].im, 0x00000000,
inFFT[909].re, 0x00000000,
inFFT[909].im, 0x00000000,
inFFT[910].re, 0x00000000,
inFFT[910].im, 0x00000000,
inFFT[911].re, 0x00000000,
inFFT[911].im, 0x00000000,
inFFT[912].re, 0x00000000,
inFFT[912].im, 0x00000000,
inFFT[913].re, 0x00000000,
inFFT[913].im, 0x00000000,
inFFT[914].re, 0x00000000,
inFFT[914].im, 0x00000000,
inFFT[915].re, 0x00000000,
inFFT[915].im, 0x00000000,
inFFT[916].re, 0x00000000,
inFFT[916].im, 0x00000000,
inFFT[917].re, 0x00000000,
inFFT[917].im, 0x00000000,
inFFT[918].re, 0x00000000,
inFFT[918].im, 0x00000000,
inFFT[919].re, 0x00000000,
inFFT[919].im, 0x00000000,
inFFT[920].re, 0x00000000,
inFFT[920].im, 0x00000000,
inFFT[921].re, 0x00000000,
inFFT[921].im, 0x00000000,
inFFT[922].re, 0x00000000,
inFFT[922].im, 0x00000000,
inFFT[923].re, 0x00000000,
inFFT[923].im, 0x00000000,
inFFT[924].re, 0x00000000,
inFFT[924].im, 0x00000000,
inFFT[925].re, 0x00000000,
inFFT[925].im, 0x00000000,
inFFT[926].re, 0x00000000,
inFFT[926].im, 0x00000000,
inFFT[927].re, 0x00000000,
inFFT[927].im, 0x00000000,
inFFT[928].re, 0x00000000,
inFFT[928].im, 0x00000000,
inFFT[929].re, 0x00000000,
inFFT[929].im, 0x00000000,
inFFT[930].re, 0x00000000,
inFFT[930].im, 0x00000000,
inFFT[931].re, 0x00000000,
inFFT[931].im, 0x00000000,
inFFT[932].re, 0x00000000,
inFFT[932].im, 0x00000000,
inFFT[933].re, 0x00000000,
inFFT[933].im, 0x00000000,
inFFT[934].re, 0x00000000,
inFFT[934].im, 0x00000000,
inFFT[935].re, 0x00000000,
inFFT[935].im, 0x00000000,
inFFT[936].re, 0x00000000,
inFFT[936].im, 0x00000000,
inFFT[937].re, 0x00000000,
inFFT[937].im, 0x00000000,
inFFT[938].re, 0x00000000,
inFFT[938].im, 0x00000000,
inFFT[939].re, 0x00000000,
inFFT[939].im, 0x00000000,
inFFT[940].re, 0x00000000,
inFFT[940].im, 0x00000000,
inFFT[941].re, 0x00000000,
inFFT[941].im, 0x00000000,
inFFT[942].re, 0x00000000,
inFFT[942].im, 0x00000000,
inFFT[943].re, 0x00000000,
inFFT[943].im, 0x00000000,
inFFT[944].re, 0x00000000,
inFFT[944].im, 0x00000000,
inFFT[945].re, 0x00000000,
inFFT[945].im, 0x00000000,
inFFT[946].re, 0x00000000,
inFFT[946].im, 0x00000000,
inFFT[947].re, 0x00000000,
inFFT[947].im, 0x00000000,
inFFT[948].re, 0x00000000,
inFFT[948].im, 0x00000000,
inFFT[949].re, 0x00000000,
inFFT[949].im, 0x00000000,
inFFT[950].re, 0x00000000,
inFFT[950].im, 0x00000000,
inFFT[951].re, 0x00000000,
inFFT[951].im, 0x00000000,
inFFT[952].re, 0x00000000,
inFFT[952].im, 0x00000000,
inFFT[953].re, 0x00000000,
inFFT[953].im, 0x00000000,
inFFT[954].re, 0x00000000,
inFFT[954].im, 0x00000000,
inFFT[955].re, 0x00000000,
inFFT[955].im, 0x00000000,
inFFT[956].re, 0x00000000,
inFFT[956].im, 0x00000000,
inFFT[957].re, 0x00000000,
inFFT[957].im, 0x00000000,
inFFT[958].re, 0x00000000,
inFFT[958].im, 0x00000000,
inFFT[959].re, 0x00000000,
inFFT[959].im, 0x00000000,
inFFT[960].re, 0x00000000,
inFFT[960].im, 0x00000000,
inFFT[961].re, 0x00000000,
inFFT[961].im, 0x00000000,
inFFT[962].re, 0x00000000,
inFFT[962].im, 0x00000000,
inFFT[963].re, 0x00000000,
inFFT[963].im, 0x00000000,
inFFT[964].re, 0x00000000,
inFFT[964].im, 0x00000000,
inFFT[965].re, 0x00000000,
inFFT[965].im, 0x00000000,
inFFT[966].re, 0x00000000,
inFFT[966].im, 0x00000000,
inFFT[967].re, 0x00000000,
inFFT[967].im, 0x00000000,
inFFT[968].re, 0x00000000,
inFFT[968].im, 0x00000000,
inFFT[969].re, 0x00000000,
inFFT[969].im, 0x00000000,
inFFT[970].re, 0x00000000,
inFFT[970].im, 0x00000000,
inFFT[971].re, 0x00000000,
inFFT[971].im, 0x00000000,
inFFT[972].re, 0x00000000,
inFFT[972].im, 0x00000000,
inFFT[973].re, 0x00000000,
inFFT[973].im, 0x00000000,
inFFT[974].re, 0x00000000,
inFFT[974].im, 0x00000000,
inFFT[975].re, 0x00000000,
inFFT[975].im, 0x00000000,
inFFT[976].re, 0x00000000,
inFFT[976].im, 0x00000000,
inFFT[977].re, 0x00000000,
inFFT[977].im, 0x00000000,
inFFT[978].re, 0x00000000,
inFFT[978].im, 0x00000000,
inFFT[979].re, 0x00000000,
inFFT[979].im, 0x00000000,
inFFT[980].re, 0x00000000,
inFFT[980].im, 0x00000000,
inFFT[981].re, 0x00000000,
inFFT[981].im, 0x00000000,
inFFT[982].re, 0x00000000,
inFFT[982].im, 0x00000000,
inFFT[983].re, 0x00000000,
inFFT[983].im, 0x00000000,
inFFT[984].re, 0x00000000,
inFFT[984].im, 0x00000000,
inFFT[985].re, 0x00000000,
inFFT[985].im, 0x00000000,
inFFT[986].re, 0x00000000,
inFFT[986].im, 0x00000000,
inFFT[987].re, 0x00000000,
inFFT[987].im, 0x00000000,
inFFT[988].re, 0x00000000,
inFFT[988].im, 0x00000000,
inFFT[989].re, 0x00000000,
inFFT[989].im, 0x00000000,
inFFT[990].re, 0x00000000,
inFFT[990].im, 0x00000000,
inFFT[991].re, 0x00000000,
inFFT[991].im, 0x00000000,
inFFT[992].re, 0x00000000,
inFFT[992].im, 0x00000000,
inFFT[993].re, 0x00000000,
inFFT[993].im, 0x00000000,
inFFT[994].re, 0x00000000,
inFFT[994].im, 0x00000000,
inFFT[995].re, 0x00000000,
inFFT[995].im, 0x00000000,
inFFT[996].re, 0x00000000,
inFFT[996].im, 0x00000000,
inFFT[997].re, 0x00000000,
inFFT[997].im, 0x00000000,
inFFT[998].re, 0x00000000,
inFFT[998].im, 0x00000000,
inFFT[999].re, 0x00000000,
inFFT[999].im, 0x00000000,
inFFT[1000].re, 0x00000000,
inFFT[1000].im, 0x00000000,
inFFT[1001].re, 0x00000000,
inFFT[1001].im, 0x00000000,
inFFT[1002].re, 0x00000000,
inFFT[1002].im, 0x00000000,
inFFT[1003].re, 0x00000000,
inFFT[1003].im, 0x00000000,
inFFT[1004].re, 0x00000000,
inFFT[1004].im, 0x00000000,
inFFT[1005].re, 0x00000000,
inFFT[1005].im, 0x00000000,
inFFT[1006].re, 0x00000000,
inFFT[1006].im, 0x00000000,
inFFT[1007].re, 0x00000000,
inFFT[1007].im, 0x00000000,
inFFT[1008].re, 0x00000000,
inFFT[1008].im, 0x00000000,
inFFT[1009].re, 0x00000000,
inFFT[1009].im, 0x00000000,
inFFT[1010].re, 0x00000000,
inFFT[1010].im, 0x00000000,
inFFT[1011].re, 0x00000000,
inFFT[1011].im, 0x00000000,
inFFT[1012].re, 0x00000000,
inFFT[1012].im, 0x00000000,
inFFT[1013].re, 0x00000000,
inFFT[1013].im, 0x00000000,
inFFT[1014].re, 0x00000000,
inFFT[1014].im, 0x00000000,
inFFT[1015].re, 0x00000000,
inFFT[1015].im, 0x00000000,
inFFT[1016].re, 0x00000000,
inFFT[1016].im, 0x00000000,
inFFT[1017].re, 0x00000000,
inFFT[1017].im, 0x00000000,
inFFT[1018].re, 0x00000000,
inFFT[1018].im, 0x00000000,
inFFT[1019].re, 0x00000000,
inFFT[1019].im, 0x00000000,
inFFT[1020].re, 0x00000000,
inFFT[1020].im, 0x00000000,
inFFT[1021].re, 0x00000000,
inFFT[1021].im, 0x00000000,
inFFT[1022].re, 0x00000000,
inFFT[1022].im, 0x00000000,
inFFT[1023].re, 0x00000000,
inFFT[1023].im, 0x00000000,
